{"3": {"0": -0.2539184952978043, "1": 0.25391849529780686}, "4": {"0": 1.149080830487038e-15, "1": 0.5642633228840135}, "5": {"0": 0.25391849529780686, "1": 0.9999999999999996}, "2": {"0": -0.5642633228840113, "1": 1.149080830487038e-15}, "1": {"0": -0.9999999999999996, "1": -0.2539184952978043}}