{"12": {"0": -0.08909792795516316, "1": 0.08909792795516441, "2": -0.08909792795516316, "3": 0.08909792795516441}, "11": {"0": -0.16743796655891646, "1": 5.620504062164859e-16, "2": -0.22855282435292118, "3": 5.214578768786286e-16}, "10": {"1": -0.08909792795516316, "2": -0.4187972372735509, "3": -0.05023138996767461}, "5": {"1": -0.22855282435292118, "2": -0.9999999999999996, "3": -0.16743796655891646}, "6": {"0": -0.4187972372735509, "1": -0.08909792795516316, "2": -0.4187972372735509, "3": -0.08909792795516316}, "15": {"1": 5.214578768786286e-16, "2": -0.16743796655891646, "3": 4.808653475407714e-16}, "20": {"1": 0.05023138996767568, "2": -0.05023138996767461}, "21": {"0": 4.808653475407714e-16, "1": 0.16743796655891785, "2": 5.214578768786286e-16}, "22": {"0": 0.05023138996767568, "1": 0.4187972372735522, "2": 0.08909792795516441}, "17": {"0": 5.214578768786286e-16, "1": 0.22855282435292262, "2": 5.620504062164859e-16, "3": 0.16743796655891785}, "18": {"0": 0.08909792795516441, "1": 0.4187972372735522, "2": 0.08909792795516441, "3": 0.4187972372735522}, "19": {"0": 0.22855282435292262, "2": 0.16743796655891785, "3": 0.9999999999999996}, "13": {"0": 5.620504062164859e-16, "1": 0.16743796655891785, "2": 5.24580379135387e-16, "3": 0.22855282435292262}, "8": {"0": -0.08909792795516316, "1": 0.05023138996767569, "2": -0.05023138996767461, "3": 0.08909792795516441}, "7": {"0": -0.22855282435292118, "1": 5.24580379135387e-16, "2": -0.16743796655891646, "3": 5.620504062164859e-16}, "9": {"0": 5.24580379135387e-16, "2": 4.871103520542879e-16, "3": 0.16743796655891785}, "14": {"0": 0.08909792795516441, "2": 0.05023138996767569, "3": 0.4187972372735522}, "16": {"0": -0.05023138996767461, "1": 0.08909792795516441, "2": -0.08909792795516316, "3": 0.05023138996767568}, "1": {"0": -0.9999999999999996, "1": -0.16743796655891646, "3": -0.22855282435292118}, "2": {"0": -0.4187972372735509, "1": -0.05023138996767461, "3": -0.08909792795516316}, "4": {"0": -0.05023138996767461, "3": 0.05023138996767569}, "3": {"0": -0.16743796655891646, "1": 4.871103520542879e-16, "3": 5.24580379135387e-16}, "23": {"0": 0.16743796655891785, "1": 0.9999999999999996, "2": 0.22855282435292262}}