{"8": {"0": -0.13871322352037257, "1": 0.09317251453378911, "2": -0.07489955360362961, "3": 0.16090132092134105}, "3": {"0": -0.2520430283644457, "1": 0.017098032532915145, "3": 0.016109366441109482}, "2": {"0": -0.5295102195823509, "1": -0.07971887102822355, "3": -0.15592760251792395}, "1": {"0": -1.0, "1": -0.25538933862348506, "3": -0.32364322957367336}, "7": {"0": -0.3298015507825878, "1": 0.007132904360013547, "2": -0.2535160370567652, "3": -0.0009932541714009243}, "13": {"0": 0.00861448342019194, "1": 0.27930674729337096, "2": 0.004311165664457781, "3": 0.3443806432941554}, "12": {"0": -0.1369288638460177, "1": 0.15349253498314755, "2": -0.14502019041062658, "3": 0.14630228286904037}, "6": {"0": -0.53185383096576, "1": -0.13666418518392856, "2": -0.5241469481612744, "3": -0.14321787007893066}, "11": {"0": -0.2705228511992391, "1": 0.004599863449305128, "2": -0.33086037795516765, "3": -0.00042830555709862653}, "16": {"0": -0.08973396280461414, "1": 0.1410681784253459, "2": -0.14384990733298608, "3": 0.08662554865645479}, "15": {"1": -0.01175367750950865, "2": -0.2721510243158719, "3": 0.008174785835590481}, "20": {"1": 0.08863708241409463, "2": -0.07920584497307616}, "10": {"1": -0.1495534865757674, "2": -0.5343406609157705, "3": -0.1011420550749091}, "17": {"0": -0.004867361037831032, "1": 0.3356373263946052, "2": 0.0005354877788700753, "3": 0.24835941560468616}, "18": {"0": 0.1603101782427655, "1": 0.536421758579324, "2": 0.16272368557410555, "3": 0.5371150935890979}, "19": {"0": 0.35860527710720114, "2": 0.28187975922576786, "3": 1.0}, "14": {"0": 0.15851904813617687, "2": 0.10012478130363606, "3": 0.5607025571421917}, "9": {"0": 0.0164169125675083, "2": 0.0031778962744998503, "3": 0.27202517705176477}, "4": {"0": -0.07475568691027276, "3": 0.10548456492135183}, "23": {"0": 0.26216484530084194, "1": 1.0, "2": 0.3550717566148366}, "22": {"0": 0.08706574089832629, "1": 0.5303013903355558, "2": 0.15430965868835594}, "21": {"0": 0.013501932743559543, "1": 0.25992124175581277, "2": -0.0075926742464978}, "5": {"1": -0.33353559700369495, "2": -1.0, "3": -0.24435364483673322}}