{"16": {"0": -0.0555114677235454, "1": 0.16679038149729683, "2": -0.1439899362709826, "3": 0.08788386808483313}, "17": {"0": 0.008115791908477499, "1": 0.37060048720763866, "2": 0.010615062256124639, "3": 0.2716833611634}, "21": {"0": 0.023320249935575663, "1": 0.2544488184568, "2": 0.0023475512715303076}, "20": {"1": 0.10523455061976407, "2": -0.06998604640528457}, "22": {"0": 0.09941743164276677, "1": 0.5250284386569367, "2": 0.15875241902931486}, "15": {"1": 0.024015776298364624, "2": -0.24871337886200834, "3": 0.02387980252953845}, "11": {"0": -0.2636147262036022, "1": 0.024862451720654922, "2": -0.3387844701920285, "3": 0.010632313311540752}, "6": {"0": -0.5529711259185304, "1": -0.17678871468721355, "2": -0.5470984840106476, "3": -0.13906331001202007}, "5": {"1": -0.3335326063013262, "2": -1.0, "3": -0.2633047346733513}, "10": {"1": -0.1360573825085891, "2": -0.530126949857179, "3": -0.1085738021544603}, "1": {"0": -1.0, "1": -0.24280841530731095, "3": -0.3556740722514031}, "2": {"0": -0.5211306683111733, "1": -0.10024459942546946, "3": -0.15068152716272198}, "8": {"0": -0.15217002953818887, "1": 0.07772926736270333, "2": -0.10100119137375942, "3": 0.13696370929237894}, "9": {"0": -0.028104240484361706, "2": 0.0021312065419486865, "3": 0.24415412162457725}, "4": {"0": -0.08719703166681377, "3": 0.07318591718464795}, "14": {"0": 0.1296575384414311, "2": 0.06836399460244748, "3": 0.5458442236350693}, "19": {"0": 0.33856520369466886, "2": 0.2624319297184865, "3": 1.0}, "23": {"0": 0.2696931017322388, "1": 1.0, "2": 0.3439701258358908}, "12": {"0": -0.14554565209455378, "1": 0.13717833698254223, "2": -0.1405874898728288, "3": 0.14175645979744922}, "7": {"0": -0.3771349409619511, "1": 0.021890907069710346, "2": -0.23512864952035575, "3": -0.022529677731390346}, "18": {"0": 0.17174579361637934, "1": 0.5353842055185725, "2": 0.1663511920679414, "3": 0.5319867167156668}, "13": {"0": 0.0026519462089360465, "1": 0.25374862976645274, "2": -0.025090479064787882, "3": 0.3557697072424258}, "3": {"0": -0.26755682836648215, "1": -0.0009029255647100224, "3": 0.0033991434173098398}}