{"4": {"0": -0.021338863513922363, "1": 0.6590520075549255}, "3": {"0": -0.3398651641004461, "1": 0.3270179221868688}, "2": {"0": -0.6646992574510616, "1": -0.00597008380447247}, "1": {"0": -1.0, "1": -0.3191159217766436}, "5": {"0": 0.2931169533331658, "1": 1.0}}