{"3": {"0": -0.3419025436220119, "1": 0.3269724525703024}, "4": {"0": -0.005223700081735125, "1": 0.6674851458384861}, "5": {"0": 0.3317666329141038, "1": 1.0}, "2": {"0": -0.6760099317014433, "1": -0.02177700977013744}, "1": {"0": -1.0, "1": -0.3556440750474612}}