{"12": {"0": -0.9988894058102216, "1": -0.9975205793182752, "2": -0.9963067291394125, "3": -0.9969047819875873}, "17": {"0": -0.9986480315924341, "1": -0.998412775565504, "2": -0.9970044472387525, "3": -0.9986478991226715}, "13": {"0": -0.9984323795063884, "1": -0.9976032807444604, "2": -0.9986808304321108, "3": -0.9981178750722914}, "18": {"0": -0.997983692768602, "1": -0.998409895556182, "2": -0.998503330754956, "3": -0.9982208389420467}, "19": {"0": -0.9985194843537467, "2": -0.9986067013825154, "3": 1.0}, "23": {"0": -0.9985422496931878, "1": 1.0, "2": -0.9984154838248115}, "22": {"0": -0.9987307891263779, "1": -0.9983583305455541, "2": -0.9987394961394133}, "21": {"0": -0.9988135404089352, "1": -0.998401792756902, "2": -0.9986902647594196}, "20": {"1": -0.9987186014007196, "2": -0.9989275833805061}, "15": {"1": -0.9984631703410664, "2": -0.9990207885586203, "3": -0.9991031143132718}, "10": {"1": -0.9989850304236836, "2": -0.9988736904954642, "3": -0.9991297817358398}, "5": {"1": -0.9987015880963827, "2": -1.0, "3": -0.9990239095836342}, "6": {"0": -0.9991330670690299, "1": -0.9967063113504693, "2": -0.9987387735760804, "3": -0.9989448072513359}, "1": {"0": -1.0, "1": -0.998823923582921, "3": -0.998651245531357}, "11": {"0": -0.9988544565713994, "1": -0.9986300649277512, "2": -0.9988842244837683, "3": -0.9988156052094085}, "7": {"0": -0.9966066407161039, "1": -0.9964062928691297, "2": -0.9988345356655591, "3": -0.9968059926175853}, "8": {"0": -0.99650594346029, "1": -0.9982942170784108, "2": -0.9988762660898161, "3": -0.9984777597926807}, "14": {"0": -0.9979809402494593, "2": -0.9986059610910191, "3": -0.9991628784821106}, "9": {"0": -0.9981729961151522, "2": -0.9984847404717504, "3": -0.9986244362512932}, "4": {"0": -0.9986453282971298, "3": -0.9983770466462434}, "3": {"0": -0.9989841962299641, "1": -0.998898043275125, "3": -0.9986108145417957}, "2": {"0": -0.9993060736546714, "1": -0.9989384716507677, "3": -0.9983072253796167}, "16": {"0": -0.9989096737809826, "1": -0.9985975133354427, "2": -0.9987534164112868, "3": -0.9985879917211612}}