{"3": {"0": -0.9998000100000001, "1": -0.9996000599960002}, "4": {"0": -0.9997000299990001, "1": -0.9995000999900007}, "5": {"0": -0.9996000599960002, "1": 1.0}, "2": {"0": -0.9999, "1": -0.9997000299990001}, "1": {"0": -1.0, "1": -0.9998000100000001}}