{"12": {"0": -0.9986654651797692, "1": -0.9982931000590876, "2": -0.9985371191629965, "3": -0.9979191297665905}, "17": {"0": -0.9987768548622085, "1": -0.9984321744254355, "2": -0.9980296451627093, "3": -0.9988408295718252}, "18": {"0": -0.9987071190457468, "1": -0.9985605746654918, "2": -0.9981549594133988, "3": -0.9985300585514902}, "23": {"0": -0.9988128418538716, "1": 1.0, "2": -0.9986196407918743}, "13": {"0": -0.9985920911505974, "1": -0.9983711700931904, "2": -0.9982614976934171, "3": -0.9988024596821894}, "14": {"0": -0.9983333588053216, "2": -0.998866235570959, "3": -0.9984655344941641}, "19": {"0": -0.9985370282172978, "2": -0.9986477849914758, "3": 1.0}, "22": {"0": -0.9987812040550487, "1": -0.9988025275573733, "2": -0.9989276565797376}, "7": {"0": -0.9988998143071091, "1": -0.9984243381766642, "2": -0.9989070787122714, "3": -0.9982337136533859}, "8": {"0": -0.9987835594879751, "1": -0.9985331204146387, "2": -0.9989063133921245, "3": -0.998405467614836}, "3": {"0": -0.9989587904201647, "1": -0.9989276206180426, "3": -0.9988861089317288}, "4": {"0": -0.9989774198573221, "3": -0.9986163536121789}, "9": {"0": -0.9986551410313089, "2": -0.9988502994000829, "3": -0.9984172207215304}, "2": {"0": -0.9991348756891636, "1": -0.9990142681650414, "3": -0.9985572343535357}, "1": {"0": -1.0, "1": -0.9990933814419305, "3": -0.9989282749067538}, "16": {"0": -0.9987039391510497, "1": -0.9984257215796403, "2": -0.998594687278441, "3": -0.9989035964340465}, "21": {"0": -0.9986009101656779, "1": -0.9988203887338644, "2": -0.9988488721872095}, "20": {"1": -0.9991540365289283, "2": -0.998701504699349}, "11": {"0": -0.9987382789490935, "1": -0.9985468603963371, "2": -0.9988445910394207, "3": -0.9986040475950685}, "6": {"0": -0.9990869802377583, "1": -0.9983152271470414, "2": -0.9991111838117498, "3": -0.9988744989089685}, "5": {"1": -0.9988153127066949, "2": -1.0, "3": -0.9988252329458701}, "15": {"1": -0.9988031953968932, "2": -0.9987419837282142, "3": -0.9990259075000069}, "10": {"1": -0.9988116273210594, "2": -0.9990987552111839, "3": -0.9987061904704487}}