{"19": {"0": 0.9997640205988008, "2": 0.9997650227479008, "3": 1.0}, "18": {"0": 0.9996472190529245, "1": 0.9998851874073317, "2": 0.9996760383979197, "3": 0.999885910352156}, "2": {"0": 0.7326669156098428, "1": 0.9992624346955747, "3": 0.999441954137477}, "1": {"0": -1.0, "1": 0.9908129755739111, "3": 0.8882557538508942}, "6": {"0": 0.8326002763247607, "1": 0.9994381031159565, "2": 0.8881891227320615, "3": 0.9993002232895324}, "21": {"0": 0.9995425532782468, "1": 0.9997716487596063, "2": 0.9995637151432725}, "22": {"0": 0.9996569855460754, "1": 0.9998872818042259, "2": 0.9996618100454351}, "23": {"0": 0.9997627910811091, "1": 1.0, "2": 0.9997726795675405}, "15": {"1": 0.9995258117022294, "2": 0.9993306403932251, "3": 0.999548284239791}, "20": {"1": 0.9996580727445858, "2": 0.9994190748356546}, "3": {"0": 0.999108789380919, "1": 0.9993312761276141, "3": 0.9995229185995845}, "8": {"0": 0.9994330841538568, "1": 0.9995738404392585, "2": 0.9994201479776028, "3": 0.9996661479471595}, "9": {"0": 0.9995408288794079, "2": 0.9992788773713438, "3": 0.9997669829471448}, "4": {"0": 0.9994099402529962, "3": 0.9996209402659527}, "14": {"0": 0.9996316370995008, "2": 0.999623870945858, "3": 0.9998870730907554}, "13": {"0": 0.9995380217137932, "1": 0.9997414968244892, "2": 0.9995834008279998, "3": 0.9997779885975792}, "12": {"0": 0.9994031045294023, "1": 0.9996516630599193, "2": 0.9994262310656336, "3": 0.9996643324273118}, "17": {"0": 0.999556330929375, "1": 0.99976820068091, "2": 0.9995551830532245, "3": 0.9997744446714424}, "5": {"1": 0.9993221956897155, "2": -1.0, "3": 0.991123978363367}, "10": {"1": 0.8994201674707538, "2": 0.8564359631631856, "3": 0.999438712682171}, "16": {"0": 0.9994576990756077, "1": 0.99966377736661, "2": 0.9994232222862334, "3": 0.9996235885240303}, "11": {"0": 0.9993339467778559, "1": 0.9995633434616323, "2": 0.7993102644354119, "3": 0.9995429463631204}, "7": {"0": 0.9992904315175781, "1": 0.9995445316571112, "2": 0.9993216338912914, "3": 0.9995518581243352}}