{"5": {"0": 0.9997825307884359, "1": 1.0}, "4": {"0": 0.999669966438291, "1": 0.999889639170518}, "2": {"0": 0.8932344043359536, "1": 0.9991668591105717}, "3": {"0": 0.9924420725545192, "1": 0.9997787335946235}, "1": {"0": -1.0, "1": 0.9926864245158351}}