{"22": {"0": 0.9995203507993276, "1": 0.9998811598360839, "2": 0.9992180730036735}, "23": {"0": 0.9997267184040689, "1": 1.0, "2": 0.9997119678636108}, "18": {"0": 0.9996555815396304, "1": 0.9998836997736436, "2": 0.9996516780391271, "3": 0.9998684890628802}, "17": {"0": 0.9993274164926935, "1": 0.9997721984461294, "2": 0.9994255140621824, "3": 0.9995212863430025}, "13": {"0": 0.999535191792108, "1": 0.9997363184748647, "2": 0.9995088980505321, "3": 0.9997729158589498}, "8": {"0": 0.9993978476328604, "1": 0.9990927199902346, "2": 0.9994370929158609, "3": 0.9996630203686735}, "7": {"0": 0.9986623413823664, "1": 0.9988720221118029, "2": 0.9986111830180083, "3": 0.9995254567157106}, "12": {"0": 0.9990507942410745, "1": 0.9996583346053036, "2": 0.9990249736832415, "3": 0.9990949202215395}, "11": {"0": 0.9992082856737391, "1": 0.9994819885693343, "2": 0.9990812093101991, "3": 0.9995422743547085}, "16": {"0": 0.9991986235039871, "1": 0.9996608356258018, "2": 0.9991308612404409, "3": 0.9996306999541966}, "15": {"1": 0.9986409822873233, "2": 0.999303737624537, "3": 0.9987399605880004}, "21": {"0": 0.9990399641497526, "1": 0.9997596859468947, "2": 0.9995054505692261}, "19": {"0": 0.999767341788447, "2": 0.9997499474539758, "3": 1.0}, "14": {"0": 0.999555449876952, "2": 0.9989688402582929, "3": 0.9998818695794311}, "9": {"0": 0.9995374025666994, "2": 0.9987807035678056, "3": 0.9993147325912025}, "4": {"0": 0.9989112709377969, "3": 0.9994071238522483}, "1": {"0": -1.0, "1": 0.9659173202998732, "3": 0.9969618579165085}, "2": {"0": 0.9082054304576993, "1": 0.9305070265330023, "3": 0.9993954536348356}, "10": {"1": 0.9994237295837896, "2": 0.9992130540801517, "3": 0.9983591776009516}, "20": {"1": 0.9996227655886742, "2": 0.9991453119546084}, "6": {"0": 0.9724431222325374, "1": 0.9989234067157886, "2": 0.970685963665122, "3": 0.9994366460405877}, "3": {"0": 0.9695498344891815, "1": 0.9993531240876902, "3": 0.9995450605830186}, "5": {"1": 0.9993289291850449, "2": -1.0, "3": 0.9987951097993628}}