{"5": {"0": 0.9997751950043215, "1": 1.0}, "4": {"0": 0.9996635919166497, "1": 0.9998889493810176}, "3": {"0": 0.99327229763641, "1": 0.9997782564811102}, "2": {"0": 0.8876073428290013, "1": 0.999412466750063}, "1": {"0": -1.0, "1": 0.992064912541479}}