{"3": {"0": 0.6560999999999979, "1": 0.8099999999999987}, "4": {"0": 0.7289999999999983, "1": 0.899999999999999}, "2": {"0": 0.5904899999999977, "1": 0.7289999999999983}, "1": {"0": -0.9999999999999996, "1": 0.6560999999999979}, "5": {"0": 0.8099999999999987, "1": 0.9999999999999996}}