{"12": {"0": 0.5904899999999977, "1": 0.7289999999999983, "2": 0.5904899999999977, "3": 0.7289999999999983}, "17": {"0": 0.6560999999999979, "1": 0.8099999999999987, "2": 0.6560999999999979, "3": 0.8099999999999987}, "16": {"0": 0.5904899999999977, "1": 0.7289999999999983, "2": 0.5904899999999977, "3": 0.7289999999999983}, "11": {"0": 0.5314409999999974, "1": 0.6560999999999979, "2": 0.5314409999999974, "3": 0.6560999999999979}, "15": {"1": 0.6560999999999979, "2": 0.5314409999999974, "3": 0.6560999999999979}, "20": {"1": 0.7289999999999983, "2": 0.5904899999999977}, "10": {"1": 0.5904899999999977, "2": 0.47829689999999736, "3": 0.5904899999999977}, "5": {"1": 0.5314409999999974, "2": -0.9999999999999996, "3": 0.5314409999999974}, "13": {"0": 0.6560999999999979, "1": 0.8099999999999987, "2": 0.6560999999999979, "3": 0.8099999999999987}, "18": {"0": 0.7289999999999983, "1": 0.899999999999999, "2": 0.7289999999999983, "3": 0.899999999999999}, "21": {"0": 0.6560999999999979, "1": 0.8099999999999987, "2": 0.6560999999999979}, "22": {"0": 0.7289999999999983, "1": 0.899999999999999, "2": 0.7289999999999983}, "23": {"0": 0.8099999999999987, "1": 0.9999999999999996, "2": 0.8099999999999987}, "19": {"0": 0.8099999999999987, "2": 0.8099999999999987, "3": 0.9999999999999996}, "8": {"0": 0.5904899999999977, "1": 0.7289999999999983, "2": 0.5904899999999977, "3": 0.7289999999999983}, "14": {"0": 0.7289999999999983, "2": 0.7289999999999983, "3": 0.899999999999999}, "7": {"0": 0.5314409999999974, "1": 0.6560999999999979, "2": 0.5314409999999974, "3": 0.6560999999999979}, "3": {"0": 0.5314409999999974, "1": 0.6560999999999979, "3": 0.6560999999999979}, "2": {"0": 0.47829689999999736, "1": 0.5904899999999977, "3": 0.5904899999999977}, "9": {"0": 0.6560999999999979, "2": 0.6560999999999979, "3": 0.8099999999999987}, "4": {"0": 0.5904899999999977, "3": 0.7289999999999983}, "6": {"0": 0.47829689999999736, "1": 0.5904899999999977, "2": 0.47829689999999736, "3": 0.5904899999999977}, "1": {"0": -0.9999999999999996, "1": 0.5314409999999974, "3": 0.5314409999999974}}