{"12": {"0": -0.1127714978678076, "1": 0.1369754510967976, "2": -0.08980942790338757, "3": 0.13411040933751833}, "13": {"0": -0.015520394994202687, "1": 0.20463585190706632, "2": 0.001861561101206978, "3": 0.2749621214018545}, "14": {"0": 0.13246788577977098, "2": 0.07918604884501552, "3": 0.44326608367751824}, "17": {"0": 0.01308890557828497, "1": 0.23656714436990792, "2": 0.03722412260248033, "3": 0.20290897494457033}, "18": {"0": 0.1270557634941189, "1": 0.27842424314625075, "2": 0.06669174187852374, "3": 0.5075080879554462}, "8": {"0": -0.10825750003635211, "1": 0.06949812966094088, "2": -0.07555705779911222, "3": 0.1329377161315517}, "9": {"0": 0.02604228599936169, "2": 0.04423832994787477, "3": 0.1843361468554113}, "11": {"0": -0.13194439914401002, "1": -0.03002805854684365, "2": -0.27838974893389673, "3": 0.038157269900885166}, "10": {"1": -0.10219584797322671, "2": -0.4724909747258201, "3": -0.023469434714983098}, "15": {"1": 0.0320747295504034, "2": -0.1655669521583755, "3": -0.015479884676336483}, "20": {"1": 0.053767200963499004, "2": -0.0648605608473528}, "21": {"0": -0.01820359994030204, "1": 0.2279039790032449, "2": 0.012015142782445077}, "16": {"0": -0.08443354462986978, "1": 0.11195876823154922, "2": -0.056304380643381315, "3": 0.0901125411653186}, "7": {"0": -0.2217605169372521, "1": 0.02886215781966469, "2": -0.12812048196072168, "3": 0.019208454121649683}, "2": {"0": -0.5279239177725398, "1": -0.04970698247917148, "3": -0.043698533009444894}, "6": {"0": -0.38888840568170113, "1": -0.08964145980402675, "2": -0.3075854536068678, "3": -0.11048966926764144}, "1": {"0": -0.9999999999999996, "1": -0.19894653334148743, "3": -0.22054133060091918}, "5": {"1": -0.19310978791998726, "2": -0.9999999999999996, "3": -0.14639910811095158}, "22": {"0": 0.05060962208386041, "1": 0.45365950321840065, "2": 0.13662506656881357}, "19": {"0": 0.296435517582992, "2": 0.1468486074362822, "3": 0.9999999999999996}, "23": {"0": 0.2038064436352691, "1": 0.9999999999999996, "2": 0.2814476804325854}, "3": {"0": -0.1782837152089027, "1": 0.009022195365124261, "3": 0.004869528665757986}, "4": {"0": -0.030461290790863148, "3": 0.118875463784352}}