{"3": {"0": -0.4078732781245426, "1": 0.10240432159119618}, "2": {"0": -0.6367719420418261, "1": -0.04671627673236573}, "4": {"0": -0.09727422620187429, "1": 0.3799816982253213}, "1": {"0": -0.9999999999999996, "1": -0.2734125171652508}, "5": {"0": 0.13803817129517135, "1": 0.9999999999999996}}