{"12": {"0": 0.5709961216963285, "1": 0.7085004644255448, "2": 0.5466427473860793, "3": 0.7184556115675663}, "13": {"0": 0.6319573897759924, "1": 0.8090552691601186, "2": 0.6387592420777632, "3": 0.7783768885803676}, "18": {"0": 0.7148410169511843, "1": 0.8680265464893042, "2": 0.7123780336997889, "3": 0.8953498934179804}, "17": {"0": 0.6425117194901345, "1": 0.8008600452220774, "2": 0.6311974848525777, "3": 0.7783202701871459}, "7": {"0": 0.5070322888037642, "1": 0.6166630355824608, "2": 0.49998102178134274, "3": 0.6382431425153373}, "2": {"0": 0.3100963298512109, "1": 0.5664501707453289, "3": 0.5064794670198715}, "3": {"0": 0.44651222034154936, "1": 0.5747954870136525, "3": 0.6353486507109146}, "8": {"0": 0.5483160313996782, "1": 0.7108506824240431, "2": 0.5603927509704927, "3": 0.6761531310318247}, "16": {"0": 0.5552379196460674, "1": 0.7153218256766511, "2": 0.5515258567925502, "3": 0.7026147930909239}, "22": {"0": 0.7121451193496273, "1": 0.8869549690020356, "2": 0.707721018414712}, "19": {"0": 0.7952638437390966, "2": 0.7934059647308647, "3": 0.9999999999999996}, "14": {"0": 0.7079833545537434, "2": 0.7098861401064801, "3": 0.8999004681241081}, "9": {"0": 0.6277002674216414, "2": 0.6211529025481157, "3": 0.7833025814972288}, "4": {"0": 0.5152710344809415, "3": 0.711832964880003}, "6": {"0": 0.3539719409036441, "1": 0.5111296872288117, "2": 0.22067245732887714, "3": 0.5699233265092383}, "1": {"0": -0.9999999999999996, "1": 0.4469571520249916, "3": 0.35666434305367223}, "21": {"0": 0.5967101465433265, "1": 0.8016938379032917, "2": 0.6280636588869462}, "20": {"1": 0.6874167458011751, "2": 0.5059757543677678}, "15": {"1": 0.6303491386908459, "2": 0.45471578479226143, "3": 0.573734390417174}, "10": {"1": 0.5537833050075484, "2": 0.31822095277271684, "3": 0.4918719977239267}, "5": {"1": 0.35811246466911834, "2": -0.9999999999999996, "3": 0.4269092205510446}, "11": {"0": 0.47409190799002837, "1": 0.6233874717962862, "2": 0.49990840990878, "3": 0.6392172019939653}, "23": {"0": 0.7842280577883978, "1": 0.9999999999999996, "2": 0.7988641787170063}}