{"3": {"0": 0.6444956905547616, "1": 0.8046078014024304}, "4": {"0": 0.7062918078567737, "1": 0.896748965798615}, "5": {"0": 0.7853172045564172, "1": 0.9999999999999996}, "2": {"0": 0.5313042551673042, "1": 0.7101692464702104}, "1": {"0": -0.9999999999999996, "1": 0.6350771559929417}}